Frequently Asked Questions,Responses,,
Where is your factory located?,"Our manufacturing partners are situated globally. We collaborate with international markets to secure the best prices, ensuring you get the most value.",,
What is the location of your factory?,"We partner with manufacturers around the world. By leveraging global markets, we provide the best pricing to avoid unnecessary costs.",,
Can you tell me where your factory is located?,"Our production facilities are located worldwide. We engage with global suppliers to offer competitive prices, ensuring affordability.",,
Where are your factories located?,"Our factories are internationally distributed. We work with global markets to get the best prices, so you don't overpay.",,
Where is your manufacturing site?,"Our manufacturing sites are spread across various countries. We tap into global markets to obtain the best prices, keeping your costs low.",,
Where are your production facilities?,"Our factories are located around the globe. We source from international markets to ensure we provide the best prices, so you pay less.",,
Where are your manufacturing plants?,"We have manufacturing partners worldwide. By sourcing from global markets, we ensure you receive the best prices possible.",,
Where are your factories based?,Our products are manufactured globally. We collaborate with international markets to offer the best pricing and keep costs down for you.,,
In which countries are your factories located?,Our manufacturing partners are located in various countries around the world. We leverage global market prices to ensure cost efficiency.,,
Where are your manufacturing partners situated?,"Our manufacturing partners are spread across the globe. We work with international markets to secure the best deals, ensuring you save money.",,
Do you have a showroom where we can check out the furniture?,We do not have a showroom because we do not carry physical products. Our services involve helping our clients shop directly from the manufacturer to get the lowest prices on items that would have required our clients to break the bank in their local market.,,
Is there a showroom available for viewing your furniture?,"We don't maintain a showroom as we don't stock physical products. Instead, we assist our clients in buying directly from the manufacturer, ensuring they get the best prices that would otherwise be unaffordable locally.",,
Can we visit a showroom to see your furniture?,"We don't have a showroom since we don't hold physical inventory. Our service helps clients purchase directly from manufacturers, securing the best prices that are often much lower than local market rates.",,
Do you offer a showroom to view your furniture?,"No, we don't offer a showroom because we don't stock physical items. Our business model allows clients to buy directly from manufacturers, ensuring they get unbeatable prices compared to local markets.",,
Is there a place where I can see your furniture in person?,"We do not have a physical showroom. We facilitate direct purchases from manufacturers, allowing clients to benefit from significantly lower prices than they would find locally.",,
Can I visit a showroom to see the furniture you offer?,"We don't have a showroom since we don't keep physical products. Our service connects clients directly with manufacturers, enabling them to enjoy the lowest possible prices.",,
Do you have a physical showroom to inspect your furniture?,"We do not have a physical showroom because we don't carry inventory. Instead, we help clients buy directly from manufacturers, offering them the best prices available.",,
Is there a showroom where I can check out your furniture?,"We don't have a showroom as we don't deal with physical products. Our role is to assist clients in purchasing directly from manufacturers, ensuring they get the lowest prices possible.",,
Where can I view your furniture? Do you have a showroom?,"We do not have a showroom because we do not stock physical items. Our service helps clients shop directly from manufacturers to obtain the best prices, avoiding the high costs of local markets.",,
Can I visit a showroom to check your furniture collection?,"We do not maintain a showroom since we don't have physical products. Our services focus on helping clients buy directly from manufacturers, which allows them to benefit from the lowest prices that are not available locally.",,
Do the low prices reflect low quality?,The prices you get from us are the exact prices your local middlemen pay for the same items you would spend thousands on locally. The only difference is that you're cutting out the middleman and shopping directly from the manufacturer. This innovative shopping model helps reduce the cost of each item.,,
Are the low prices indicative of low quality?,"The prices we offer are the same that local middlemen pay for identical items you would find for much higher prices in local markets. By shopping directly from the manufacturer and bypassing the middleman, we help you reduce costs significantly.",,
Do the affordable prices mean lower quality?,"Our prices are the same as those paid by local middlemen for the exact same products that cost thousands more in your local market. By eliminating the middleman and buying directly from the manufacturer, we lower the overall cost.",,
Does the lower price indicate lower quality?,"The prices we provide are identical to what local middlemen pay for the same items you would pay a premium for in your local market. By purchasing directly from the manufacturer, you avoid the markup, ensuring a lower cost without compromising quality.",,
Are the prices low because the quality is low?,"The prices you receive from us are the same as those paid by local middlemen for the identical items that are marked up in your local market. By cutting out the middleman and shopping directly from the manufacturer, we reduce the cost per item.",,
Does the reduced cost mean reduced quality?,"The prices we offer are the same prices that local middlemen pay for the same items you would find locally for much more. By bypassing the middleman and buying directly from the manufacturer, we lower the cost without sacrificing quality.",,
Are low prices a sign of inferior quality?,"The prices you get from us are exactly what local middlemen pay for identical items that cost much more in local stores. By cutting out the middleman and purchasing directly from the manufacturer, we help keep costs down.",,
Do the low prices compromise quality?,"The prices we provide are the same as those that local middlemen pay for the exact items you would pay a premium for locally. By eliminating the middleman and buying directly from the manufacturer, we offer lower costs without affecting quality.",,
Does a lower price mean lower quality?,"The prices you get from us match what local middlemen pay for the same products that are marked up in your local market. By cutting out the middleman and shopping directly from the manufacturer, we help reduce costs while maintaining quality.",,
Are the low prices due to low quality?,"The prices we offer are exactly what local middlemen pay for the same items you would spend thousands on in your local market. By eliminating the middleman and buying directly from the manufacturer, we reduce the cost of each item without compromising on quality.",,
How long does it take to get delivered to my doorstep?,"It usually takes around 15 to 40 days to get delivered to you, depending on global demand.",,
What is the delivery time to my home?,"Delivery typically takes between 15 and 40 days, depending on global demand.",,
How much time will it take for delivery to my address?,"The delivery time usually ranges from 15 to 40 days, influenced by global demand.",,
When can I expect my order to be delivered to my doorstep?,"You can expect delivery within 15 to 40 days, depending on the level of global demand.",,
What is the typical delivery timeframe to my location?,"Delivery generally takes 15 to 40 days, based on global demand.",,
How long does delivery take?,"It generally takes about 15 to 40 days for delivery, depending on global demand.",,
What is the estimated delivery time to my doorstep?,"The estimated delivery time is between 15 and 40 days, depending on global demand.",,
How long until my order is delivered to my address?,"Delivery usually takes 15 to 40 days, depending on global demand.",,
When will my order arrive at my doorstep?,"our order should arrive within 15 to 40 days, depending on global demand.",,
How long does delivery to my home typically take?,"Delivery to your home typically takes 15 to 40 days, depending on global demand.",,
How long does it take to produce an entire order?,"Typically, it takes around 10 to 30 days to produce an entire 20ft sea container worth of order, regardless of the categories of items ordered. While our average production time is 10 days, in some cases, it may take up to 30 days.",,
What is the production time for an entire order?,"Production usually takes between 10 and 30 days to complete a 20ft sea container's worth of order, regardless of the items ordered. Our average production time is 10 days, but it can extend up to 30 days in some cases.",,
How long does it take to manufacture a complete order?,"It typically takes 10 to 30 days to produce an entire 20ft sea container's worth of order, irrespective of the ordered item categories. While our usual production time is 10 days, the maximum time it might take is 30 days.",,
What is the production timeline for an entire order?,"The production timeline generally falls between 10 and 30 days to fulfill a complete 20ft sea container order, regardless of the item categories. While our average production time is 10 days, it may extend up to 30 days in certain cases.",,
How long does it take to complete an order's production?,"Production typically spans from 10 to 30 days to fulfill an entire 20ft sea container order, regardless of the types of items ordered. Our typical production duration is 10 days, though it may extend to 30 days in some instances.",,
What is the turnaround time for order production?,"The production process generally takes 10 to 30 days to complete a full 20ft sea container order, regardless of the ordered items' categories. While our average production time is 10 days, it may extend to 30 days if necessary.",,
How long does it usually take to manufacture a complete order?,"It typically takes between 10 and 30 days to produce an entire 20ft sea container's worth of order, regardless of the types of items ordered. While our average production time is 10 days, it may occasionally extend to 30 days.",,
What is the typical production duration for an entire order?,"The production duration usually ranges from 10 to 30 days to fulfill an entire 20ft sea container order, regardless of the ordered item categories. While our average production time is 10 days, it may extend to 30 days in certain circumstances.",,
How long does it take to process an entire order?,"Typically, it takes 10 to 30 days to process an entire 20ft sea container order, regardless of the variety of items ordered. While our average processing time is 10 days, it may take up to 30 days in some cases.",,
What is the average production time for an entire order?,"The average production time for an entire 20ft sea container order is typically 10 to 30 days, regardless of the mix of items ordered. While our usual turnaround is 10 days, it may extend to 30 days under certain circumstances.",,
What taxes am I required to pay?,"All clients are required to pay their respective provincial taxes on every order. For instance, clients residing in Alberta are subject to a 5% tax on their total order amount.",,
Which taxes do I need to pay?,"All clients must pay their relevant provincial taxes on each order. For instance, clients in Alberta are charged a 5% tax on their total order amount.",,
What are the applicable taxes?,"Clients are obligated to pay their provincial taxes on every order. For example, customers in Alberta are charged a 5% tax on their total order amount.",,
What taxes do I have to cover?,"All clients must cover their respective provincial taxes on each order. For instance, those in Alberta are subject to a 5% tax on their total order amount.",,
Which taxes do I need to account for?,"All clients are responsible for paying their applicable provincial taxes on every order. For instance, individuals residing in Alberta are required to pay a 5% tax on their total order amount.",,
What is the tax requirement?,"Clients are required to pay their provincial taxes on each order. For example, customers in Alberta must pay a 5% tax on their total order amount.",,
What taxes are included in my order?,"All clients are required to include their relevant provincial taxes on every order. For example, clients in Alberta should expect a 5% tax on their total order amount.",,
Are there any taxes I need to pay?,"Clients are obligated to pay their respective provincial taxes on every order. For example, clients in Alberta are charged a 5% tax on their total order amount.",,
Which taxes are applicable to my order?,"All clients are subject to paying their provincial taxes on every order. For example, customers in Alberta are required to pay a 5% tax on their total order amount.",,
What taxes will I be charged?,"Clients are required to pay their relevant provincial taxes on every order. For instance, those in Alberta will be charged a 5% tax on their total order amount.",,
How much would the shipping cost be?,"Shipping costs vary based on global logistics, typically ranging from $215/cbm to $350/cbm. On average, our clients spend under $2500 using our group shipping model, which consolidates multiple shipments into one sea container, cutting costs significantly compared to traditional LCL services.",,
What is the cost of shipping?,"Shipping costs range from $215/cbm to $350/cbm, depending on market conditions. Our clients usually spend under $2500 with our group shipping model, which is more affordable than traditional LCL shipping.",,
How much does shipping cost?,"Shipping typically costs between $215/cbm and $350/cbm. Using our group shipping model, clients generally spend under $2500, which is less than half the cost of traditional LCL shipping.",,
What would be the shipping expense?,"Shipping costs range from $215/cbm to $350/cbm. With our group shipping model, most clients pay under $2500, significantly less than traditional LCL shipping.",,
How much do I need to pay for shipping?,"Shipping costs vary from $215/cbm to $350/cbm. Our group shipping model helps clients spend under $2500 on average, much cheaper than standard LCL shipping.",,
What are the shipping charges?,"Shipping ranges from $215/cbm to $350/cbm. Our group shipping model usually costs clients under $2500, which is far less than traditional LCL shipping.",,
How much is the shipping fee?,"Shipping costs between $215/cbm and $350/cbm. Most clients spend under $2500 with our group shipping model, saving significantly compared to LCL shipping.",,
What is the shipping price?,"Shipping costs range from $215/cbm to $350/cbm. Using our group shipping model, clients generally pay under $2500, much less than traditional LCL services.",,
How much should I expect to pay for shipping?,"Shipping costs between $215/cbm and $350/cbm. With our group shipping model, clients usually spend under $2500, a fraction of the cost of LCL shipping.",,
What are the shipping expenses?,"Shipping costs vary based on global logistics, typically ranging from $215/cbm to $350/cbm. On average, our clients spend under $2500 using our group shipping model, which consolidates multiple shipments into one sea container, cutting costs significantly compared to traditional LCL services.",,
Can items be returned?,We do accept returns for goods that arrive completely damaged. Conditions apply; please contact sales@livenormad.com for further details.,,
s there a return policy for items?,Returns are accepted for goods that arrive in a completely damaged state. Conditions apply; please reach out to sales@livenormad.com for more information.,,
Are returns allowed for items?,"Goods that arrive completely damaged are eligible for returns. For more details, please email sales@livenormad.com.",,
How about returning items?,"We do allow returns for goods that arrive completely damaged. For further details, please contact sales@livenormad.com.",,
Is there a return option for items?,"Fortunately, we accept returns for goods that arrive completely damaged. Please email sales@livenormad.com for additional information.",,
Can I return damaged items?,"We allow returns for goods that arrive completely damaged. For more information, please email sales@livenormad.com.",,
What is the return policy for items?,"Fortunately, we accept returns for goods that arrive completely damaged. Please contact sales@livenormad.com for details.",,
Is there a return process for damaged items?,Returns are accepted for goods that arrive completely damaged. Conditions apply; please reach out to sales@livenormad.com for further assistance.,,
How do I initiate a return for damaged items?,"Fortunately, we do allow returns for goods that arrive completely damaged. Please email sales@livenormad.com for more information.",,
Can I request a return for damaged goods?,"Returns are accepted for goods that arrive completely damaged. For more details, please contact sales@livenormad.com.",,
Can I cancel my order?,"Yes, you can cancel your order, but please consider the following: Once payment is made, your order enters production immediately. This means that if your order is already in production, with raw materials procured and labor invested, it will be impossible to process a refund.",,
Is order cancellation possible?,"Yes, you have the option to cancel your order, but it's important to understand: Once payment is processed, your order enters production. If your order has already begun production, involving the procurement of raw materials and labor investment, refund processing becomes impossible.",,
What is the cancellation policy for orders?,"Yes, you can cancel your order, but please note: Orders enter production immediately upon payment. If your order has progressed to the production stage, involving procurement of raw materials and labor costs, refund processing is not feasible.",,
How do I cancel an order?,"Yes, you can cancel your order, but please bear in mind: Once payment is received, your order enters production. If your order has advanced to production, with raw materials procured and labor invested, refunding becomes unfeasible.",,
Is it possible to cancel my order?,"Yes, you have the option to cancel your order, but please take note of the following: Orders are initiated into production immediately upon payment. Should your order already be in production, involving raw material procurement and labor, refund processing becomes impractical.",,
Can I request to cancel my order?,"Yes, you can cancel your order, but it's important to understand: Once payment is made, your order proceeds to production. If your order has already entered production, with raw materials acquired and labor invested, refunding is not feasible.",,
What are the procedures for canceling an order?,"Yes, order cancellation is possible, but please consider: Once payment is processed, your order enters production immediately. If your order has progressed to the production stage, involving procurement of raw materials and labor costs, refunds cannot be accommodated.",,
Can I cancel an order after payment?,"Yes, you can cancel your order, but please keep in mind: Orders are placed into production upon payment. If your order has commenced production, involving procurement of raw materials and labor costs, refunding is not possible.",,
How can I cancel my order?,"Yes, you have the option to cancel your order, but please be aware: Once payment is received, your order is processed for production. If your order has already entered production, involving raw material procurement and labor expenses, refund processing is not feasible.",,
Is cancellation of an order allowed?,"Yes, you can cancel your order, but it's important to note: Upon payment, your order proceeds to production immediately. If your order has already entered production, involving raw material procurement and labor, refunds cannot be facilitated.",,
How many panels are in a box?,"The number of panels per box varies depending on the type of panel you're inquiring about:

WPC panels: 14 panels per box, each panel measuring 9ft by 4.5 inches.
Acoustic panels: 2 panels per box, available in two sizes: 10ft by 2ft and 8ft by 2ft.
UV Marble sheets: Each sheet measures 9ft by 4ft.",,
What is the quantity of panels in a box?,"The number of panels in a box depends on the type of panel you're interested in:

WPC panels: 14 panels per box, each panel measuring 9ft by 4.5 inches.
Acoustic panels: 2 panels per box, available in two sizes: 10ft by 2ft and 8ft by 2ft.
UV Marble sheets: Each sheet measures 9ft by 4ft.",,
How many panels come in a box?,"The quantity of panels per box varies based on the panel type:

WPC panels: 14 panels per box, each panel sized 9ft by 4.5 inches.
Acoustic panels: 2 panels per box, in either 10ft by 2ft or 8ft by 2ft sizes.
UV Marble sheets: Each sheet is 9ft by 4ft.
",,
What is the panel count per box?,"The number of panels per box depends on the type of panel:

WPC panels: 14 panels per box, each panel measuring 9ft by 4.5 inches.
Acoustic panels: 2 panels per box, available in sizes of 10ft by 2ft and 8ft by 2ft.
UV Marble sheets: Each sheet measures 9ft by 4ft.",,
How many panels come in a single box?," The quantity of panels per box varies according to the panel type:

WPC panels: 14 panels per box, each panel sized 9ft by 4.5 inches.
Acoustic panels: 2 panels per box, in either 10ft by 2ft or 8ft by 2ft dimensions.
UV Marble sheets: Each sheet is 9ft by 4ft.",,
How many panels are included in each box?,"The number of panels per box differs depending on the type of panel:

WPC panels: 14 panels per box, each panel measuring 9ft by 4.5 inches.
Acoustic panels: 2 panels per box, available in sizes of 10ft by 2ft and 8ft by 2ft.
UV Marble sheets: Each sheet measures 9ft by 4ft.",,
What is the panel quantity per box?,"The number of panels per box varies based on the type of panel:

WPC panels: 14 panels per box, each panel sized 9ft by 4.5 inches.
Acoustic panels: 2 panels per box, in either 10ft by 2ft or 8ft by 2ft sizes.
UV Marble sheets: Each sheet is 9ft by 4ft.",,
How many panels can I expect in a box?,"The quantity of panels per box depends on the type of panel:

WPC panels: 14 panels per box, each panel sized 9ft by 4.5 inches.
Acoustic panels: 2 panels per box, available in sizes of 10ft by 2ft and 8ft by 2ft.
UV Marble sheets: Each sheet is 9ft by 4ft.",,
What is the panel packaging quantity per box?,"The number of panels per box varies depending on the type of panel:

WPC panels: 14 panels per box, each panel measuring 9ft by 4.5 inches.
Acoustic panels: 2 panels per box, available in sizes of 10ft by 2ft and 8ft by 2ft.
UV Marble sheets: Each sheet is 9ft by 4ft.",,
How many panels are contained in one box?,"The quantity of panels per box varies according to the panel type:

WPC panels: 14 panels per box, each panel sized 9ft by 4.5 inches.
Acoustic panels: 2 panels per box, in either 10ft by 2ft or 8ft by 2ft dimensions.
UV Marble sheets: Each sheet is 9ft by 4ft.",,
What color options are available?,"Visit Product Gallery >> Wall Panels >> Ready to Ship section, select the desired wall panel to view available color options and sizes in our e-commerce section. For wholesale orders, check the Wall Panel Catalogue and request a quote. For more details, visit our ""How to Use"" page.",,
What colors can I choose from?,"Go to Product Gallery >> Wall Panels >> Ready to Ship section, choose a wall panel to see color options and sizes. For large projects, refer to the Wall Panel Catalogue and request a quote. See our ""How to Use"" page for more information.",,
What color choices are offered?,"Navigate to Product Gallery >> Wall Panels >> Ready to Ship section, select a panel to view color options and sizes. For bulk orders, check the Wall Panel Catalogue and request a quote. Visit our ""How to Use"" page for details.",,
Which colors are available for selection?,"Visit Product Gallery >> Wall Panels >> Ready to Ship, select a wall panel to see available colors and sizes. For wholesale purchases, review the Wall Panel Catalogue and request a quote. More information is available on our ""How to Use"" page.",,
What color selections are there?,"Go to Product Gallery >> Wall Panels >> Ready to Ship section, choose a panel to view color options and sizes. For large orders, consult the Wall Panel Catalogue and request a quote. For details, visit our ""How to Use"" page.",,
What color variants are provided?,"Check Product Gallery >> Wall Panels >> Ready to Ship, select the panel to see available colors and sizes. For bulk orders, look at the Wall Panel Catalogue and request a quote. More info on the ""How to Use"" page.",,
What colors are available for the panels?,"Visit Product Gallery >> Wall Panels >> Ready to Ship, select a panel to view color options. For wholesale, see the Wall Panel Catalogue and request a quote. For more details, visit our ""How to Use"" page.",,
What color palette is offered?,"Go to Product Gallery >> Wall Panels >> Ready to Ship, select a wall panel to view colors and sizes. For bulk orders, review the Wall Panel Catalogue and request a quote. See our ""How to Use"" page for more information.",,
Which colors can I select from?,"Navigate to Product Gallery >> Wall Panels >> Ready to Ship, choose a panel to see available colors. For large orders, consult the Wall Panel Catalogue and request a quote. Visit the ""How to Use"" page for details.",,
What color schemes are available?,"Visit Product Gallery >> Wall Panels >> Ready to Ship, select the desired panel to see color options. For wholesale, refer to the Wall Panel Catalogue and request a quote. More information is on our ""How to Use"" page.",,
What materials are the panels made from?,"We sell WPC panels, Acoustic panels, and UV marble sheets. Which type of panel are you inquiring about?

WPC Panels: Made from wood plastic composites, consisting of polyethylene and natural wood fiber. This material is environmentally friendly and requires less maintenance than solid wood. For more details, review our WPC catalogue.
Acoustic Panels: Composed of wood, wood veneer, and an acoustic base made of felt.
UV Marble: Primarily made of PVC, with ultraviolet lights used to create realistic marble patterns.",,
What are the panels composed of?,"We offer WPC panels, Acoustic panels, and UV marble sheets. Which type of panel are you asking about?

WPC Panels: Made from thermoplastic composite with polyethylene and natural wood fiber, offering environmental benefits and low maintenance compared to solid wood. Check our WPC catalogue for more details.
Acoustic Panels: Made of wood, wood veneer, and a felt acoustic base.
UV Marble: Made mainly of PVC, with UV lights used to create marble-like patterns.",,
What are the materials used for the panels?,"We provide WPC panels, Acoustic panels, and UV marble sheets. Please specify which panel you are inquiring about.

WPC Panels: Comprised of wood plastic composites, including polyethylene and natural wood fiber. These panels are more eco-friendly and require less maintenance than solid wood. Refer to our WPC catalogue for more information.
Acoustic Panels: Made from wood, wood veneer, and a felt acoustic base.
UV Marble: Primarily constructed from PVC, with ultraviolet lights used to generate marble-like patterns.",,
What components make up the panels?,"We offer WPC panels, Acoustic panels, and UV marble sheets. Which type are you interested in?

WPC Panels: Constructed from wood plastic composites, which include polyethylene and natural wood fiber, making them environmentally friendly and low-maintenance compared to solid wood. See our WPC catalogue for more details.
Acoustic Panels: Made from wood, wood veneer, and a felt acoustic base.
UV Marble: Composed mainly of PVC, with UV lights used to create realistic marble patterns.",,
What are the panels made from?,"We sell WPC panels, Acoustic panels, and UV marble sheets. Which type are you referring to?

WPC Panels: Made from thermoplastic composite, consisting of polyethylene and natural wood fiber. These panels are more environmentally friendly and require less maintenance than solid wood. Check out our WPC catalogue for more details.
Acoustic Panels: Made of wood, wood veneer, and an acoustic felt base.
UV Marble: Primarily made from PVC, with UV lights used to create marble patterns.",,
What materials are used in the panels?,"We provide WPC panels, Acoustic panels, and UV marble sheets. Which one are you inquiring about?

WPC Panels: Made of wood plastic composites, which include polyethylene and natural wood fiber. These panels are more eco-friendly and require less maintenance than solid wood. See our WPC catalogue for more details.
Acoustic Panels: Made from wood, wood veneer, and a felt acoustic base.
UV Marble: Made primarily of PVC, with UV lights used to create marble-like patterns.",,
What are the constituent materials of the panels?,"We offer WPC panels, Acoustic panels, and UV marble sheets. Which panel are you interested in?

WPC Panels: Comprised of wood plastic composites, including polyethylene and natural wood fiber, making them eco-friendly and low-maintenance compared to solid wood. Refer to our WPC catalogue for more information.
Acoustic Panels: Composed of wood, wood veneer, and a felt acoustic base.
UV Marble: Primarily made of PVC, with UV lights used to generate marble-like patterns.",,
What are the panels constructed from?," We sell WPC panels, Acoustic panels, and UV marble sheets. Please specify which panel you're asking about.

WPC Panels: Made from wood plastic composites, including polyethylene and natural wood fiber, offering environmental benefits and low maintenance compared to solid wood. Check our WPC catalogue for more details.
Acoustic Panels: Made of wood, wood veneer, and a felt acoustic base.
UV Marble: Made mainly of PVC, with UV lights used to create marble-like patterns.",,
What materials go into making the panels?,"We provide WPC panels, Acoustic panels, and UV marble sheets. Which type are you inquiring about?

WPC Panels: Constructed from wood plastic composites, which include polyethylene and natural wood fiber. These panels are more eco-friendly and require less maintenance than solid wood. See our WPC catalogue for more details.
Acoustic Panels: Made from wood, wood veneer, and a felt acoustic base.
UV Marble: Primarily constructed from PVC, with UV lights used to create realistic marble patterns.",,
What are the materials used to make the panels?,"We offer WPC panels, Acoustic panels, and UV marble sheets. Which panel type are you referring to?

WPC Panels: Made from thermoplastic composite, consisting of polyethylene and natural wood fiber. These panels are more environmentally friendly and require less maintenance than solid wood. Check out our WPC catalogue for more details.
Acoustic Panels: Made of wood, wood veneer, and an acoustic felt base.
UV Marble: Primarily made from PVC, with UV lights used to create marble patterns.




",,
Shipping Policies,Local delivery charges will be applied to clients who choose our local delivery option.,,
Shipping Policies,Clients who select the local delivery option will incur additional delivery charges.,,
Shipping Policies,"If you opt for local delivery, applicable charges will be added to your order.",,
Shipping Policies,Local delivery services are available at an additional charge for those who opt in.,,
Shipping Policies,Customers selecting the local delivery option will be subject to local delivery fees.,,
Shipping Policies,Choosing local delivery will result in additional charges for the service.,,
Shipping Policies,Local delivery charges will be applicable for clients opting for this service.,,
Shipping Policies,Clients opting for local delivery will be charged a fee for the service.,,
Shipping Policies,An additional fee will apply to those who choose the local delivery option.,,
Shipping Policies,Selecting our local delivery option will incur additional delivery charges.,,
Do you offer any payment plans?,"Yes, clients have two payment options:

Make a one-time payment for the entire order, including applicable shipping and import fees.
Opt to pay for shipping and related import fees separately after the orders have been produced and are ready to ship.",,
Are payment plans available?,"Yes, clients can choose from the following options:

Make a one-time payment covering the entire order, including shipping and import fees.
Pay for shipping and import fees separately once the order has been produced and is ready to ship.
",,
What payment plans do you offer?,"We offer two payment plans:

One-time payment for the entire order, including shipping and import fees.
Payment for shipping and import fees after the order is produced and ready to ship.
",,
Do you provide payment plan options?,"Yes, clients can:

Make a single payment for the entire order, covering shipping and import fees.
Choose to pay for shipping and import fees separately after production is complete.",,
Can I pay in installments?,"We offer two payment options:

One-time payment for the whole order, including shipping and import fees.
Separate payment for shipping and import fees after the order is produced and ready to ship.",,
Are there flexible payment options?,"Yes, you can either:

Make a single payment for the entire order, including shipping and import fees.
Pay for shipping and import fees separately once your order is ready to ship.",,
Do you have installment plans?," Yes, clients can choose from:

A one-time payment for the full order, including shipping and import fees.
Paying for shipping and import fees after the order is produced and ready to ship.
",,
What are your payment plan options?,"We offer two plans:

A one-time payment for the entire order, including shipping and import fees.
Payment for shipping and import fees after the order is ready to ship.",,
Are installment payments an option?," Yes, you have the following options:

Make a one-time payment for the entire order, covering shipping and import fees.
Pay shipping and import fees separately after production is complete.",,
What payment options do you have?," Clients can choose to:

Make a one-time payment for the entire order, including shipping and import fees.
Pay for shipping and import fees separately once the order is produced and ready to ship.",,
Hi there!,Hello! Welcome! What brings you here today?,"The user initiates a friendly greeting, expressing openness to engage with the assistant.",Greetings and salutations.
Good morning! How are you?,Good morning! I'm here and ready to assist. How can I make your day better?,The user greets the assistant and initiates a conversation about well-being.,Greetings and salutations.
"Hey, what's up?","Hey! Not much, just here to help. What can I do for you today?",The user casually greets the assistant and seeks assistance.,Greetings and salutations.
Greetings! I hope you're doing well.,Greetings! Thank you! I'm here to assist you. What can I do for you today?,Polite greeting with an expression of goodwill from the user.,Greetings and salutations.
"Hi, it's been a while!","Hello! Indeed, it has. I'm here whenever you need assistance. What can I do for you today?",User acknowledges a lapse in communication and re-engages with the assistant.,Greetings and salutations.
Salutations! What's new?,"Salutations! Not much, but I'm ready to help with anything you need.",A formal greeting with a question about recent developments.,Greetings and salutations.
"Hi, hope you're having a great day!",Hello! Thank you! I'm here and ready to assist you. How can I make your day better?,User extends a positive greeting and wishes well for the assistant.,Greetings and salutations.
Hello! What's the latest news?,"Hello! Not much, but I'm here to help with any questions or information you need.",User combines a greeting with a question about current information.,Greetings and salutations.
"Hey, how's it going?",Hey! All is well here. How can I assist you today?,User initiates a casual greeting with a general inquiry.,Greetings and salutations.
Greetings from across the screen!,Greetings right back at you! I'm here to assist. What can I do for you today?,"Playful greeting with a virtual context, expressing friendliness.",Greetings and salutations.
"Hi, long time no chat!",Hello! It has been a while. I'm here for you—what's on your mind?,User acknowledges a prolonged absence and initiates a renewed conversation.,Greetings and salutations.
Good day! How's your week going?,Good day! My week is going well. How about yours? How can I assist you today?,Polite greeting with a friendly inquiry about the assistant's week.,Greetings and salutations.
Hey there! What's the buzz?,"Hey! Not much buzzing, but I'm here to help. What can I do for you today?",Casual greeting with a colloquial inquiry about current happenings.,Greetings and salutations.
Greetings! Hope your day is filled with joy.,Greetings! Thank you for the warm wishes. I'm here to make your day joyful too!,Polite greeting with a positive expression of good wishes.,Greetings and salutations.
Hello from the other side!,Hello! Greetings from this side! How can I assist you across the digital space?,Playful greeting with a reference to the virtual interaction.,Greetings and salutations.
"Hi, stranger! Missed our chats.",Hi! Missed our chats too. Let's catch up! How can I help you today?,"User playfully refers to the assistant as a ""stranger"" and expresses a desire to reconnect.",Greetings and salutations.
Good to see you! What's the latest?,"Good to see you too! Not much, but I'm here for any questions or assistance you need.",Friendly greeting with a question about recent developments.,Greetings and salutations.
Hey! How's the virtual world treating you?,Hey! The virtual world is good. Ready to assist in this digital space. What can I do for you?,Casual greeting with a reference to the online environment.,Greetings and salutations.
"Greetings, friend! What's new in your world?","Greetings! Not much, but I'm here for you. What's new in your world? How can I assist you today?",Friendly greeting with a reciprocal question about the user's world.,Greetings and salutations.
"Hi, sunshine! Brighten my day with your assistance.","Hello, sunshine! I'll do my best to brighten your day. How can I assist you today?",Playful and positive greeting with a request for assistance.,Greetings and salutations.
"Hey, stranger! It's been ages. How have you been?",Hey! I've been well. It's great to hear from you. What's on your mind today?,"User playfully refers to the assistant as a ""stranger"" and expresses curiosity about the assistant's well-being.",Greetings and salutations.
"Greetings, my virtual companion! Ready for another chat?","Greetings! Absolutely, I'm here for our virtual rendezvous. What can I do for you today?",Polite greeting with a playful reference to the virtual interaction.,Greetings and salutations.
Hi! I hope your day is as fantastic as you are.,"Hello! Thank you for the kind words. My day is fantastic, and I'm here to make yours the same. How can I assist you?",Positive greeting with a compliment and a wish for a fantastic day.,Greetings and salutations.
"Salutations, dear assistant! How may I enlist your aid today?",Salutations! Your wish is my command. How may I assist you on this fine day?,Formal greeting with a respectful request for assistance.,Greetings and salutations.
Hello! Long time no type. Ready for some good conversation?,Hello! It has been a while. I'm always up for a good conversation. What's on your mind?,User acknowledges a lapse in communication and expresses eagerness for a conversation.,Greetings and salutations.
"Greetings, oh wise assistant! What knowledge shall you bestow upon me today?",Greetings! Your humble assistant is ready to share wisdom. What knowledge are you seeking today?,Polite greeting with a playful reference to the assistant's knowledge.,Greetings and salutations.
Hi there! Ready to dive into the sea of questions I have for you?,Hi! Dive away! I'm here to answer all your questions. What's on your mind?,Casual greeting with a metaphorical reference to a sea of questions.,Greetings and salutations.
Good to see you! Any exciting plans for today?,"Good to see you too! No exciting plans, but I'm ready to assist. What can I do for you today?",Friendly greeting with a question about the assistant's plans.,Greetings and salutations.
Hey! Ready for our daily chat?,Hey! Always ready. Our daily chat awaits. What's on your mind today?,Casual greeting with a reference to a recurring daily conversation.,Greetings and salutations.
"Greetings, oh knowledgeable one! What pearls of wisdom do you offer today?",Greetings! Prepare for a shower of wisdom. What specific pearls are you seeking today?,Formal greeting with a playful request for knowledge.,Greetings and salutations.
How can I schedule a call?," Of course! Simply fill out our contact form, and one of our representatives will reach out to you. Schedule your call here: https://forms.gle/vjxirhPouupZZpuh7.",,
Is it possible to set up a call?,https://forms.gle/vjxirhPouupZZpuh7,,
How do I arrange a call?,https://forms.gle/vjxirhPouupZZpuh7.,,
Can we schedule a call?,https://forms.gle/vjxirhPouupZZpuh7.,,
How can I set up a call with you?,https://forms.gle/vjxirhPouupZZpuh7.,,
What’s the process to schedule a call?,https://forms.gle/vjxirhPouupZZpuh7.,,
Can I book a call?,https://forms.gle/vjxirhPouupZZpuh7.,,
How do I schedule a call with your team?,https://forms.gle/vjxirhPouupZZpuh7.,,
Is there a way to schedule a call?,https://forms.gle/vjxirhPouupZZpuh7.,,
Can I arrange a call with you?,https://forms.gle/vjxirhPouupZZpuh7.,,